{"train/loss": 3.373408794130286, "train/lr": 0.0001, "_timestamp": 1702284066.8735397, "_runtime": 108.0533287525177, "_step": 5, "_wandb": {"runtime": 108}, "val/loss": 3.685133284385051, "val/lr": 0.0001}