{"train/loss": 3.1318144622303192, "train/lr": 1e-05, "_timestamp": 1702001372.0192416, "_runtime": 341.46935868263245, "_step": 60, "val/loss": 3.4013202832295346, "val/lr": 1e-05, "_wandb": {"runtime": 340}}