{"train/loss": 2.721309264500936, "train/lr": 0.0001, "_timestamp": 1702354640.199289, "_runtime": 1061.0188751220703, "_step": 200, "val/loss": 4.182490362570836, "val/lr": 0.0001, "_wandb": {"runtime": 1060}}