{"train/loss": 3.373408794130286, "train/lr": 0.0001, "_timestamp": 1702283888.5771854, "_runtime": 91.99277329444885, "_step": 5, "_wandb": {"runtime": 92}, "val/loss": 3.685133284385051, "val/lr": 0.0001}