{"train/loss": 0.6210714594645798, "_timestamp": 1703036734.183817, "_runtime": 754.551885843277, "_step": 50, "val/loss": 0.6151751708111447, "val/accuracy": 0.6475972540045767, "val/precision": 0.6279357231149567, "val/recall": 0.7259216919119749, "val/f1": 0.6733828207847296}