{"train/loss": 5.028772384748546, "train/lr": 1e-05, "_timestamp": 1702352304.9297655, "_runtime": 193.71215438842773, "_step": 100, "val/loss": 5.666295858529898, "val/lr": 1e-05, "_wandb": {"runtime": 193}}