{"train/loss": 3.1318144622303192, "train/lr": 1e-05, "_timestamp": 1702002813.1906388, "_runtime": 325.3156957626343, "_step": 60, "val/loss": 3.4013202832295346, "val/lr": 1e-05, "_wandb": {"runtime": 324}}