{"train/loss": 3.0723014400118873, "train/lr": 0.0001, "_timestamp": 1702364802.5560343, "_runtime": 443.50263833999634, "_step": 80, "val/loss": 3.424237210016984, "val/lr": 0.0001, "_wandb": {"runtime": 443}}