{"train/loss": 2.721309264500936, "train/lr": 0.0001, "_timestamp": 1702363670.638977, "_runtime": 1048.623475074768, "_step": 200, "val/loss": 4.182490362570836, "val/lr": 0.0001, "_wandb": {"runtime": 1048}}