{"train/loss": 3.2599394690422785, "train/lr": 1e-05, "_timestamp": 1702005405.8942857, "_runtime": 312.16506361961365, "_step": 60, "val/loss": 3.2856908578139086, "val/lr": 1e-05, "_wandb": {"runtime": 311}}